[
{
    "model": "auth.user",
    "pk": 1,
    "fields": {
        "password": "pbkdf2_sha256$180000$d6pX8DGQxbG7$Cqub9syt3VVEGQYMHEJnzUG/rqbv2dpT3nBIBPN4NtE=",
        "last_login": "2020-03-21T10:10:18Z",
        "is_superuser": true,
        "username": "michalsz",
        "first_name": "Micha\u0142",
        "last_name": "Szczepaniak",
        "email": "michal.szczepaniak@akai.org.pl",
        "is_staff": true,
        "is_active": true,
        "date_joined": "2020-03-20T09:19:43Z",
        "groups": [],
        "user_permissions": []
    }
},
{
    "model": "auth.user",
    "pk": 2,
    "fields": {
        "password": "pbkdf2_sha256$180000$OVPxXmlcxcZt$SlxLKJJh8gE2NmXHxSPsQ8OJsC7sl1VUAxrKLWS0xkg=",
        "last_login": "2020-03-21T09:19:25.611Z",
        "is_superuser": false,
        "username": "lekarz1",
        "first_name": "Adam",
        "last_name": "Kowalski",
        "email": "adam@kowalski.pl",
        "is_staff": false,
        "is_active": true,
        "date_joined": "2020-03-20T09:22:24Z",
        "groups": [],
        "user_permissions": []
    }
},
{
    "model": "auth.user",
    "pk": 3,
    "fields": {
        "password": "pbkdf2_sha256$180000$TP1CsQnwrB69$PdDTgxJTWHYIOialQAA5Z2QnVaui5cFzFgeL1bJQ80c=",
        "last_login": null,
        "is_superuser": false,
        "username": "lekarz2",
        "first_name": "Adrian",
        "last_name": "Duda",
        "email": "adrian@duda.pl",
        "is_staff": false,
        "is_active": true,
        "date_joined": "2020-03-20T09:22:45Z",
        "groups": [],
        "user_permissions": []
    }
},
{
    "model": "auth.user",
    "pk": 4,
    "fields": {
        "password": "pbkdf2_sha256$180000$50bvlC4sboIH$kZxMzVWzsOaTXc5oiQgWcRUHXT1NlAEixiMrcyqJpBQ=",
        "last_login": "2020-03-21T09:09:45.208Z",
        "is_superuser": false,
        "username": "lekarz3",
        "first_name": "Jan",
        "last_name": "Nowak",
        "email": "jan@nowak.pl",
        "is_staff": false,
        "is_active": true,
        "date_joined": "2020-03-20T09:23:15Z",
        "groups": [],
        "user_permissions": []
    }
},
{
    "model": "auth.user",
    "pk": 5,
    "fields": {
        "password": "pbkdf2_sha256$180000$GzNL3WzEY6w7$WDBmG6qriCmVv1z27qfWKPem40yKKk2xUGYdaKZUFM8=",
        "last_login": "2020-03-21T09:18:49.689Z",
        "is_superuser": false,
        "username": "redaktor1",
        "first_name": "Tomasz",
        "last_name": "Nowak",
        "email": "tomasz@nowak.pl",
        "is_staff": false,
        "is_active": true,
        "date_joined": "2020-03-20T09:24:17Z",
        "groups": [],
        "user_permissions": []
    }
},
{
    "model": "auth.user",
    "pk": 6,
    "fields": {
        "password": "pbkdf2_sha256$180000$U9sh0SAS4FTv$3FW1ZJyLx8DHqPO1jEqRHZgwSEW0ZnDfvcGYDqxX30E=",
        "last_login": null,
        "is_superuser": false,
        "username": "redaktor2",
        "first_name": "Ewa",
        "last_name": "Nowak",
        "email": "ewa@nowak.pl",
        "is_staff": false,
        "is_active": true,
        "date_joined": "2020-03-20T09:24:28Z",
        "groups": [],
        "user_permissions": []
    }
},
{
    "model": "auth.user",
    "pk": 7,
    "fields": {
        "password": "pbkdf2_sha256$180000$deCTJc5JcLPx$/NM6qrHYMoVeG3RXf5KkadEsXk4GFHX0krP9r3+pNKI=",
        "last_login": null,
        "is_superuser": false,
        "username": "redaktor3",
        "first_name": "Julia",
        "last_name": "Kowalska",
        "email": "julia@kowalska.pl",
        "is_staff": false,
        "is_active": true,
        "date_joined": "2020-03-20T09:24:38Z",
        "groups": [],
        "user_permissions": []
    }
},
{
    "model": "sessions.session",
    "pk": "wu91qg3447mubmudmuojw3qyppopem33",
    "fields": {
        "session_data": "MWQ1MDRjYmFhMGIyMDg4OTRmMWViMTE4OThmYWQ0ODUzOGQ4YWMwYzp7Il9hdXRoX3VzZXJfaWQiOiIxIiwiX2F1dGhfdXNlcl9iYWNrZW5kIjoiZGphbmdvLmNvbnRyaWIuYXV0aC5iYWNrZW5kcy5Nb2RlbEJhY2tlbmQiLCJfYXV0aF91c2VyX2hhc2giOiIxOGM1NjA0YjY2MzZiNWE0ZmRkZGEzZWRhNmFjYzNhYThjODI2ZDA2In0=",
        "expire_date": "2020-04-04T10:10:18.158Z"
    }
},
{
    "model": "fakechecker.expert",
    "pk": 1,
    "fields": {
        "user": [
            "lekarz1"
        ],
        "last_updated": "2020-03-20T09:38:56.759Z",
        "profile_pic": "https://i.picsum.photos/id/329/200/200.jpg",
        "about": "Lubie Szpitale, Objawy i Powik\u0142ania",
        "created": "2020-03-20T09:38:56.759Z",
        "categories": [
            "Objawy",
            "Powik\u0142ania",
            "Szpital"
        ]
    }
},
{
    "model": "fakechecker.expert",
    "pk": 2,
    "fields": {
        "user": [
            "lekarz2"
        ],
        "last_updated": "2020-03-20T09:39:56.721Z",
        "profile_pic": "https://i.picsum.photos/id/35/200/200.jpg",
        "about": "Lubie p\u0142yn do Dezyfekcji i roznoszenie",
        "created": "2020-03-20T09:39:56.721Z",
        "categories": [
            "P\u0142yn do dezynfekcji",
            "Roznoszenie"
        ]
    }
},
{
    "model": "fakechecker.expert",
    "pk": 3,
    "fields": {
        "user": [
            "lekarz3"
        ],
        "last_updated": "2020-03-20T18:20:15.367Z",
        "profile_pic": "https://i.picsum.photos/id/171/200/200.jpg",
        "about": "Lubie szpital, roznoszenie i powik\u0142ania",
        "created": "2020-03-20T09:40:54.872Z",
        "categories": [
            "Powik\u0142ania",
            "Roznoszenie",
            "Szpital"
        ]
    }
},
{
    "model": "fakechecker.redactor",
    "pk": 1,
    "fields": {
        "user": [
            "redaktor1"
        ],
        "phone_number": "213 769 420",
        "created": "2020-03-20T09:56:47.638Z"
    }
},
{
    "model": "fakechecker.redactor",
    "pk": 2,
    "fields": {
        "user": [
            "redaktor2"
        ],
        "phone_number": "213 769 420",
        "created": "2020-03-20T09:56:57.450Z"
    }
},
{
    "model": "fakechecker.redactor",
    "pk": 3,
    "fields": {
        "user": [
            "redaktor3"
        ],
        "phone_number": "213 769 420",
        "created": "2020-03-20T09:57:07.508Z"
    }
},
{
    "model": "fakechecker.questioncollection",
    "pk": 1,
    "fields": {
        "redactor": 2,
        "name": "\u015amier\u0107",
        "created": "2020-03-20T10:11:43.695Z",
        "questions_from_user": [
            2,
            3
        ]
    }
},
{
    "model": "fakechecker.questioncollection",
    "pk": 2,
    "fields": {
        "redactor": 1,
        "name": "Alkohol",
        "created": "2020-03-20T10:11:53.589Z",
        "questions_from_user": [
            4,
            5
        ]
    }
},
{
    "model": "fakechecker.review",
    "pk": 1,
    "fields": {
        "question_for_expert": 6,
        "expert": 1,
        "last_updated": "2020-03-20T10:08:33.480Z",
        "justification": "Tak, oczywi\u015bcie",
        "is_info_fake": false,
        "created": "2020-03-20T10:08:33.480Z",
        "sources": "https://www.youtube.com/watch?v=dQw4w9WgXcQ"
    }
},
{
    "model": "fakechecker.review",
    "pk": 2,
    "fields": {
        "question_for_expert": 6,
        "expert": 3,
        "last_updated": "2020-03-20T10:08:58.194Z",
        "justification": "Jasne, ze tak",
        "is_info_fake": false,
        "created": "2020-03-20T10:08:58.194Z",
        "sources": "https://www.youtube.com/watch?v=dQw4w9WgXcQ"
    }
},
{
    "model": "fakechecker.review",
    "pk": 3,
    "fields": {
        "question_for_expert": 8,
        "expert": 2,
        "last_updated": "2020-03-21T10:11:59.673Z",
        "justification": "tak",
        "is_info_fake": false,
        "created": "2020-03-20T10:10:07.609Z",
        "sources": "https://www.youtube.com/watch?v=L_jWHffIx5E"
    }
},
{
    "model": "fakechecker.review",
    "pk": 4,
    "fields": {
        "question_for_expert": 7,
        "expert": 1,
        "last_updated": "2020-03-20T10:10:57.703Z",
        "justification": "Nie, koty good",
        "is_info_fake": true,
        "created": "2020-03-20T10:10:57.703Z",
        "sources": "https://www.youtube.com/watch?v=0mYBSayCsH0"
    }
},
{
    "model": "fakechecker.category",
    "pk": "Objawy",
    "fields": {
        "fa_icon_class": null
    }
},
{
    "model": "fakechecker.category",
    "pk": "Powik\u0142ania",
    "fields": {
        "fa_icon_class": null
    }
},
{
    "model": "fakechecker.category",
    "pk": "P\u0142yn do dezynfekcji",
    "fields": {
        "fa_icon_class": null
    }
},
{
    "model": "fakechecker.category",
    "pk": "Roznoszenie",
    "fields": {
        "fa_icon_class": null
    }
},
{
    "model": "fakechecker.category",
    "pk": "Skutki uboczne",
    "fields": {
        "fa_icon_class": null
    }
},
{
    "model": "fakechecker.category",
    "pk": "Szpital",
    "fields": {
        "fa_icon_class": null
    }
},
{
    "model": "fakechecker.question",
    "pk": 1,
    "fields": {
        "title": "Czy koty przenosz\u0105 Koronawirusa?",
        "content": "Czy zwierz\u0119 domowe mo\u017ce przenie\u015b\u0107 chorob\u0119? Czy po spacerze zdezynfekowa\u0107 pupilowi \u0142apy? W programie \"Koronawirus. Raport\" w TVN24 specjali\u015bci odpowiadali na wasze pytania dotycz\u0105ce koronawirusa. W poniedzia\u0142ek go\u015bciem by\u0142a publicystka i lekarka weterynarii Dorota Sumi\u0144ska.",
        "created": "2020-03-20T09:46:15.939Z",
        "sources": "https://tvn24.pl/polska/epidemia-koronawirusa-czy-pies-moze-przenosic-koronawirusa-4358136",
        "categories": [
            "Roznoszenie"
        ]
    }
},
{
    "model": "fakechecker.question",
    "pk": 2,
    "fields": {
        "title": "Czy umr\u0119 na Koronawirusa?",
        "content": "Ministerstwo Zdrowia we wtorek rano poinformowa\u0142o o kolejnych przypadkach zaka\u017cenia koronawirusem w Polsce. W sumie w naszym kraju potwierdzono ich 205. Pi\u0119\u0107 os\u00f3b zmar\u0142o",
        "created": "2020-03-20T09:47:33.682Z",
        "sources": "https://tvn24.pl/polska/epidemia-koronawirusa-czy-pies-moze-przenosic-koronawirusa-4358136",
        "categories": [
            "Powik\u0142ania",
            "Skutki uboczne"
        ]
    }
},
{
    "model": "fakechecker.question",
    "pk": 3,
    "fields": {
        "title": "Czy Koronawirus zabija tylko osoby starsze?",
        "content": "Pierwszy potwierdzony przypadek zaka\u017cenia koronawirusem (2019-nCoV) w Polsce w dniu 4 marca 2020.\r\nDo 19 marca 2020 roku odnotowano 213 254 potwierdzone przypadki zachorowania na COVID-19 (zaka\u017cenie koronawirusem 2019-nCoV). 8 843 os\u00f3b zmar\u0142o. Wirus z Azji dotar\u0142 do Europy, a tak\u017ce do Ameryki P\u00f3\u0142nocnej, Ameryki Po\u0142udniowej, Australii i Afryki.",
        "created": "2020-03-20T09:51:17.885Z",
        "sources": "https://www.youtube.com/watch?v=dQw4w9WgXcQ",
        "categories": [
            "Powik\u0142ania",
            "Skutki uboczne"
        ]
    }
},
{
    "model": "fakechecker.question",
    "pk": 4,
    "fields": {
        "title": "Czy kupie w sklepie p\u0142yn do dezynfekcji",
        "content": "KGHM idzie w \u015blady Orlenu i b\u0119dzie produkowa\u0142 p\u0142yn do dezynfekcji r\u0105k, potrzebne w dobie koronawirusa w Polsce. W tym celu przestawiono produkcj\u0119 w jednym z zak\u0142ad\u00f3w.",
        "created": "2020-03-20T09:54:25.147Z",
        "sources": "https://www.youtube.com/watch?v=snQdTuMOFng",
        "categories": [
            "P\u0142yn do dezynfekcji",
            "Roznoszenie"
        ]
    }
},
{
    "model": "fakechecker.question",
    "pk": 5,
    "fields": {
        "title": "Czy alkohol chroni przed Koronawirusem",
        "content": "\"P\u0142yn do dezynfekcji r\u0105k wyprodukuje sp\u00f3\u0142ka Nitroerg nale\u017c\u0105ca do naszej Grupy Kapita\u0142owej. Za produkcj\u0119 maseczek odpowiada inna z naszych sp\u00f3\u0142ek - Zanam. Musimy dzia\u0142a\u0107 elastycznie i szybko reagowa\u0107 na potrzeby spo\u0142eczne\" - poinformowa\u0142 Marcin Chludzi\u0144ski, Prezes Zarz\u0105du KGHM Polska Mied\u017a S.A.",
        "created": "2020-03-20T09:55:56.601Z",
        "sources": "https://www.youtube.com/watch?v=fX6J1usD4no",
        "categories": [
            "P\u0142yn do dezynfekcji",
            "Roznoszenie",
            "Szpital"
        ]
    }
},
{
    "model": "fakechecker.question",
    "pk": 6,
    "fields": {
        "title": "Czy mo\u017cna umrze\u0107 z powodu Koronawirusa?",
        "content": "Koronawirus bardzo gro\u017any jest",
        "created": "2020-03-20T09:58:40.320Z",
        "sources": "https://www.youtube.com/watch?v=fX6J1usD4no",
        "categories": [
            "P\u0142yn do dezynfekcji",
            "Roznoszenie",
            "Szpital"
        ]
    }
},
{
    "model": "fakechecker.question",
    "pk": 7,
    "fields": {
        "title": "Czy Koronawirus jest roznoszony przez koty?",
        "content": "miua, miau, miau,miua, miau, miau,miua, miau, miau",
        "created": "2020-03-20T10:02:20.859Z",
        "sources": "https://www.youtube.com/watch?v=wzuTJA5oh_c",
        "categories": [
            "Objawy",
            "Powik\u0142ania"
        ]
    }
},
{
    "model": "fakechecker.question",
    "pk": 8,
    "fields": {
        "title": "Czy osoby bez objaw\u00f3w roznosz\u0105 Koronawirusa?",
        "content": "Jest to wirus RNA os\u0142oni\u0119ty b\u0142on\u0105 t\u0142uszczow\u0105 (lipidow\u0105). Dzi\u0119ki takiej budowie mo\u017cna mu zapobiega\u0107 przez zastosowanie \u015brodk\u00f3w chemicznych, takich jak zwyk\u0142e myd\u0142o, alkohol min. 60-70%, preparaty do dezynfekcji i inne wirusob\u00f3jcze.",
        "created": "2020-03-20T10:07:23.069Z",
        "sources": "https://www.youtube.com/watch?v=I0pCMnXF8C8",
        "categories": [
            "Powik\u0142ania",
            "Roznoszenie",
            "Szpital"
        ]
    }
},
{
    "model": "fakechecker.question",
    "pk": 9,
    "fields": {
        "title": "Czy moge mie\u0107 kota",
        "content": "Bardzo lubie koty",
        "created": "2020-03-20T13:43:17.210Z",
        "sources": "https://www.facebook.com/",
        "categories": [
            "Objawy",
            "Powik\u0142ania",
            "P\u0142yn do dezynfekcji"
        ]
    }
},
{
    "model": "fakechecker.questionfromuser",
    "pk": 1,
    "fields": {
        "is_read": false
    }
},
{
    "model": "fakechecker.questionfromuser",
    "pk": 2,
    "fields": {
        "is_read": true
    }
},
{
    "model": "fakechecker.questionfromuser",
    "pk": 3,
    "fields": {
        "is_read": false
    }
},
{
    "model": "fakechecker.questionfromuser",
    "pk": 4,
    "fields": {
        "is_read": true
    }
},
{
    "model": "fakechecker.questionfromuser",
    "pk": 5,
    "fields": {
        "is_read": false
    }
},
{
    "model": "fakechecker.questionfromuser",
    "pk": 9,
    "fields": {
        "is_read": false
    }
},
{
    "model": "fakechecker.questionforexpert",
    "pk": 6,
    "fields": {
        "views": 2,
        "redactor": 1
    }
},
{
    "model": "fakechecker.questionforexpert",
    "pk": 7,
    "fields": {
        "views": 0,
        "redactor": 2
    }
},
{
    "model": "fakechecker.questionforexpert",
    "pk": 8,
    "fields": {
        "views": 1,
        "redactor": 1
    }
}
]
